"","deconv_tool","dmr_tool","tumor_type","seq_depth","lod","rank_raw"
"1","UXM","wgbstools","BRCA","310M",0.025,6
"2","MetDecode","wgbstools","BRCA","310M",0.01,2
"3","CelFiE","wgbstools","BRCA","310M",0.007,1
"4","EpiDISH_RPC","wgbstools","BRCA","310M",0.05,7
"5","meth_atlas","wgbstools","BRCA","310M",0.01,2
"6","EpiSCORE","wgbstools","BRCA","310M",0.05,7
"7","PRMeth","wgbstools","BRCA","310M",0.1,9
"8","CIBERSORT","wgbstools","BRCA","310M",0.1,9
"9","EpiDISH_CP_eq","wgbstools","BRCA","310M",0.01,2
"10","EpiDISH_CP_ineq","wgbstools","BRCA","310M",0.01,2
"11","UXM","limma","BRCA","310M",0.025,4
"12","MetDecode","limma","BRCA","310M",0.025,4
"13","CelFiE","limma","BRCA","310M",0.007,1
"14","EpiDISH_RPC","limma","BRCA","310M",0.1,8
"15","meth_atlas","limma","BRCA","310M",0.025,4
"16","EpiSCORE","limma","BRCA","310M",0.1,8
"17","PRMeth","limma","BRCA","310M",0.025,4
"18","CIBERSORT","limma","BRCA","310M",0.1,8
"19","EpiDISH_CP_eq","limma","BRCA","310M",0.007,1
"20","EpiDISH_CP_ineq","limma","BRCA","310M",0.007,1
"21","UXM","DMRfinder","BRCA","310M",0.025,5
"22","MetDecode","DMRfinder","BRCA","310M",0.01,2
"23","CelFiE","DMRfinder","BRCA","310M",0.007,1
"24","EpiDISH_RPC","DMRfinder","BRCA","310M",0.5,9
"25","meth_atlas","DMRfinder","BRCA","310M",0.025,5
"26","EpiSCORE","DMRfinder","BRCA","310M",0.25,8
"27","PRMeth","DMRfinder","BRCA","310M",0.025,5
"28","CIBERSORT","DMRfinder","BRCA","310M",0.5,9
"29","EpiDISH_CP_eq","DMRfinder","BRCA","310M",0.01,2
"30","EpiDISH_CP_ineq","DMRfinder","BRCA","310M",0.01,2
"31","EpiDISH_CP_eq","DMRfinder","BRCA","62M",0.01,1
"32","EpiDISH_CP_ineq","DMRfinder","BRCA","62M",0.05,3
"33","MetDecode","DMRfinder","BRCA","62M",0.05,3
"34","CelFiE","DMRfinder","BRCA","62M",0.025,2
"35","UXM","DMRfinder","BRCA","62M",0.05,3
"36","EpiSCORE","DMRfinder","BRCA","62M",0.25,7
"37","PRMeth","DMRfinder","BRCA","62M",0.25,7
"38","meth_atlas","DMRfinder","BRCA","62M",0.05,3
"39","EpiDISH_RPC","DMRfinder","BRCA","62M",0.5,9
"40","CIBERSORT","DMRfinder","BRCA","62M",1,10
"41","EpiDISH_CP_eq","wgbstools","BRCA","62M",0.025,1
"42","EpiDISH_CP_ineq","wgbstools","BRCA","62M",0.025,1
"43","MetDecode","wgbstools","BRCA","62M",1,10
"44","CelFiE","wgbstools","BRCA","62M",0.025,1
"45","UXM","wgbstools","BRCA","62M",0.025,1
"46","EpiSCORE","wgbstools","BRCA","62M",0.1,6
"47","PRMeth","wgbstools","BRCA","62M",0.1,6
"48","meth_atlas","wgbstools","BRCA","62M",0.05,5
"49","EpiDISH_RPC","wgbstools","BRCA","62M",0.25,8
"50","CIBERSORT","wgbstools","BRCA","62M",0.25,8
"51","EpiDISH_CP_eq","limma","BRCA","62M",0.025,1
"52","EpiDISH_CP_ineq","limma","BRCA","62M",0.05,2
"53","MetDecode","limma","BRCA","62M",0.1,5
"54","CelFiE","limma","BRCA","62M",0.05,2
"55","UXM","limma","BRCA","62M",0.1,5
"56","EpiSCORE","limma","BRCA","62M",0.1,5
"57","PRMeth","limma","BRCA","62M",0.1,5
"58","meth_atlas","limma","BRCA","62M",0.05,2
"59","EpiDISH_RPC","limma","BRCA","62M",0.1,5
"60","CIBERSORT","limma","BRCA","62M",0.1,5
"61","EpiDISH_CP_eq","limma","BRCA","183M",0.007,5
"62","MetDecode","limma","BRCA","183M",0.007,5
"63","CelFiE","limma","BRCA","183M",0.025,8
"64","UXM","limma","BRCA","183M",0.05,9
"65","meth_atlas","limma","BRCA","183M",0.003,3
"66","EpiSCORE","limma","BRCA","183M",0.001,2
"67","PRMeth","limma","BRCA","183M",1e-04,1
"68","EpiDISH_RPC","limma","BRCA","183M",0.007,5
"69","CIBERSORT","limma","BRCA","183M",0.05,9
"70","EpiDISH_CP_ineq","limma","BRCA","183M",0.003,3
"71","EpiDISH_CP_eq","DMRfinder","BRCA","183M",0.025,1
"72","MetDecode","DMRfinder","BRCA","183M",0.025,1
"73","CelFiE","DMRfinder","BRCA","183M",0.025,1
"74","UXM","DMRfinder","BRCA","183M",0.05,6
"75","meth_atlas","DMRfinder","BRCA","183M",0.025,1
"76","EpiSCORE","DMRfinder","BRCA","183M",0.5,8
"77","PRMeth","DMRfinder","BRCA","183M",0.05,6
"78","EpiDISH_RPC","DMRfinder","BRCA","183M",1,9
"79","CIBERSORT","DMRfinder","BRCA","183M",1,9
"80","EpiDISH_CP_ineq","DMRfinder","BRCA","183M",0.025,1
"81","EpiDISH_CP_eq","wgbstools","BRCA","183M",0.007,1
"82","MetDecode","wgbstools","BRCA","183M",1,10
"83","CelFiE","wgbstools","BRCA","183M",0.007,1
"84","UXM","wgbstools","BRCA","183M",0.025,4
"85","meth_atlas","wgbstools","BRCA","183M",0.05,5
"86","EpiSCORE","wgbstools","BRCA","183M",0.1,7
"87","PRMeth","wgbstools","BRCA","183M",0.05,5
"88","EpiDISH_RPC","wgbstools","BRCA","183M",0.1,7
"89","CIBERSORT","wgbstools","BRCA","183M",0.1,7
"90","EpiDISH_CP_ineq","wgbstools","BRCA","183M",0.007,1
"91","CelFiE","limma","BRCA","620M",0.007,1
"92","MetDecode","limma","BRCA","620M",0.01,5
"93","UXM","limma","BRCA","620M",0.025,7
"94","EpiSCORE","limma","BRCA","620M",0.025,7
"95","PRMeth","limma","BRCA","620M",0.01,5
"96","CIBERSORT","limma","BRCA","620M",0.025,7
"97","EpiDISH_RPC","limma","BRCA","620M",0.025,7
"98","meth_atlas","limma","BRCA","620M",0.007,1
"99","EpiDISH_CP_ineq","limma","BRCA","620M",0.007,1
"100","EpiDISH_CP_eq","limma","BRCA","620M",0.007,1
"101","CelFiE","DMRfinder","BRCA","620M",0.007,1
"102","MetDecode","DMRfinder","BRCA","620M",0.01,3
"103","UXM","DMRfinder","BRCA","620M",0.007,1
"104","EpiSCORE","DMRfinder","BRCA","620M",0.25,8
"105","PRMeth","DMRfinder","BRCA","620M",0.01,3
"106","CIBERSORT","DMRfinder","BRCA","620M",0.5,9
"107","EpiDISH_RPC","DMRfinder","BRCA","620M",0.5,9
"108","meth_atlas","DMRfinder","BRCA","620M",0.025,5
"109","EpiDISH_CP_ineq","DMRfinder","BRCA","620M",0.025,5
"110","EpiDISH_CP_eq","DMRfinder","BRCA","620M",0.025,5
"111","CelFiE","wgbstools","BRCA","620M",0.007,1
"112","MetDecode","wgbstools","BRCA","620M",1,10
"113","UXM","wgbstools","BRCA","620M",0.025,4
"114","EpiSCORE","wgbstools","BRCA","620M",0.025,4
"115","PRMeth","wgbstools","BRCA","620M",0.05,8
"116","CIBERSORT","wgbstools","BRCA","620M",0.1,9
"117","EpiDISH_RPC","wgbstools","BRCA","620M",0.025,4
"118","meth_atlas","wgbstools","BRCA","620M",0.025,4
"119","EpiDISH_CP_ineq","wgbstools","BRCA","620M",0.01,2
"120","EpiDISH_CP_eq","wgbstools","BRCA","620M",0.01,2
"121","MetDecode","limma","LUAD","310M",0.025,7
"122","CelFiE","limma","LUAD","310M",0.007,2
"123","UXM","limma","LUAD","310M",0.007,2
"124","meth_atlas","limma","LUAD","310M",0.025,7
"125","PRMeth","limma","LUAD","310M",0.025,7
"126","EpiDISH_RPC","limma","LUAD","310M",0.007,2
"127","EpiSCORE","limma","LUAD","310M",0.05,10
"128","CIBERSORT","limma","LUAD","310M",1e-04,1
"129","EpiDISH_CP_ineq","limma","LUAD","310M",0.01,5
"130","EpiDISH_CP_eq","limma","LUAD","310M",0.01,5
"131","MetDecode","wgbstools","LUAD","310M",0.025,5
"132","CelFiE","wgbstools","LUAD","310M",0.007,1
"133","UXM","wgbstools","LUAD","310M",0.007,1
"134","meth_atlas","wgbstools","LUAD","310M",0.025,5
"135","PRMeth","wgbstools","LUAD","310M",0.05,7
"136","EpiDISH_RPC","wgbstools","LUAD","310M",0.25,8
"137","EpiSCORE","wgbstools","LUAD","310M",0.25,8
"138","CIBERSORT","wgbstools","LUAD","310M",0.25,8
"139","EpiDISH_CP_ineq","wgbstools","LUAD","310M",0.007,1
"140","EpiDISH_CP_eq","wgbstools","LUAD","310M",0.007,1
"141","MetDecode","DMRfinder","LUAD","310M",0.025,7
"142","CelFiE","DMRfinder","LUAD","310M",0.007,1
"143","UXM","DMRfinder","LUAD","310M",0.01,5
"144","meth_atlas","DMRfinder","LUAD","310M",0.007,1
"145","PRMeth","DMRfinder","LUAD","310M",0.01,5
"146","EpiDISH_RPC","DMRfinder","LUAD","310M",0.5,9
"147","EpiSCORE","DMRfinder","LUAD","310M",0.25,8
"148","CIBERSORT","DMRfinder","LUAD","310M",0.5,9
"149","EpiDISH_CP_ineq","DMRfinder","LUAD","310M",0.007,1
"150","EpiDISH_CP_eq","DMRfinder","LUAD","310M",0.007,1
"151","UXM","DMRfinder","LUAD","183M",0.05,7
"152","CelFiE","DMRfinder","LUAD","183M",0.01,1
"153","MetDecode","DMRfinder","LUAD","183M",0.025,2
"154","EpiDISH_RPC","DMRfinder","LUAD","183M",0.5,8
"155","EpiSCORE","DMRfinder","LUAD","183M",0.5,8
"156","PRMeth","DMRfinder","LUAD","183M",0.025,2
"157","meth_atlas","DMRfinder","LUAD","183M",0.025,2
"158","CIBERSORT","DMRfinder","LUAD","183M",0.5,8
"159","EpiDISH_CP_eq","DMRfinder","LUAD","183M",0.025,2
"160","EpiDISH_CP_ineq","DMRfinder","LUAD","183M",0.025,2
"161","UXM","limma","LUAD","183M",0.05,6
"162","CelFiE","limma","LUAD","183M",0.025,4
"163","MetDecode","limma","LUAD","183M",0.025,4
"164","EpiDISH_RPC","limma","LUAD","183M",0.1,8
"165","EpiSCORE","limma","LUAD","183M",0.1,8
"166","PRMeth","limma","LUAD","183M",0.05,6
"167","meth_atlas","limma","LUAD","183M",0.01,1
"168","CIBERSORT","limma","LUAD","183M",0.1,8
"169","EpiDISH_CP_eq","limma","LUAD","183M",0.01,1
"170","EpiDISH_CP_ineq","limma","LUAD","183M",0.01,1
"171","UXM","wgbstools","LUAD","183M",0.01,2
"172","CelFiE","wgbstools","LUAD","183M",0.01,2
"173","MetDecode","wgbstools","LUAD","183M",0.05,7
"174","EpiDISH_RPC","wgbstools","LUAD","183M",0.25,9
"175","EpiSCORE","wgbstools","LUAD","183M",0.25,9
"176","PRMeth","wgbstools","LUAD","183M",0.05,7
"177","meth_atlas","wgbstools","LUAD","183M",0.025,6
"178","CIBERSORT","wgbstools","LUAD","183M",1e-04,1
"179","EpiDISH_CP_eq","wgbstools","LUAD","183M",0.01,2
"180","EpiDISH_CP_ineq","wgbstools","LUAD","183M",0.01,2
"181","EpiDISH_CP_ineq","DMRfinder","LUAD","62M",0.05,2
"182","MetDecode","DMRfinder","LUAD","62M",0.05,2
"183","CelFiE","DMRfinder","LUAD","62M",0.025,1
"184","UXM","DMRfinder","LUAD","62M",0.1,6
"185","EpiDISH_RPC","DMRfinder","LUAD","62M",1,9
"186","EpiSCORE","DMRfinder","LUAD","62M",0.5,8
"187","PRMeth","DMRfinder","LUAD","62M",0.25,7
"188","meth_atlas","DMRfinder","LUAD","62M",0.05,2
"189","CIBERSORT","DMRfinder","LUAD","62M",1,9
"190","EpiDISH_CP_eq","DMRfinder","LUAD","62M",0.05,2
"191","EpiDISH_CP_ineq","limma","LUAD","62M",0.05,2
"192","MetDecode","limma","LUAD","62M",0.1,6
"193","CelFiE","limma","LUAD","62M",0.025,1
"194","UXM","limma","LUAD","62M",0.05,2
"195","EpiDISH_RPC","limma","LUAD","62M",0.25,8
"196","EpiSCORE","limma","LUAD","62M",0.25,8
"197","PRMeth","limma","LUAD","62M",0.05,2
"198","meth_atlas","limma","LUAD","62M",0.1,6
"199","CIBERSORT","limma","LUAD","62M",0.25,8
"200","EpiDISH_CP_eq","limma","LUAD","62M",0.05,2
"201","EpiDISH_CP_ineq","wgbstools","LUAD","62M",0.025,1
"202","MetDecode","wgbstools","LUAD","62M",0.05,3
"203","CelFiE","wgbstools","LUAD","62M",0.05,3
"204","UXM","wgbstools","LUAD","62M",0.025,1
"205","EpiDISH_RPC","wgbstools","LUAD","62M",0.5,8
"206","EpiSCORE","wgbstools","LUAD","62M",0.5,8
"207","PRMeth","wgbstools","LUAD","62M",0.1,7
"208","meth_atlas","wgbstools","LUAD","62M",0.05,3
"209","CIBERSORT","wgbstools","LUAD","62M",0.5,8
"210","EpiDISH_CP_eq","wgbstools","LUAD","62M",0.05,3
"211","UXM","wgbstools","LUAD","620M",0.007,5
"212","MetDecode","wgbstools","LUAD","620M",0.01,6
"213","CelFiE","wgbstools","LUAD","620M",0.001,1
"214","EpiDISH_RPC","wgbstools","LUAD","620M",0.1,8
"215","meth_atlas","wgbstools","LUAD","620M",0.01,6
"216","EpiSCORE","wgbstools","LUAD","620M",0.1,8
"217","PRMeth","wgbstools","LUAD","620M",0.001,1
"218","CIBERSORT","wgbstools","LUAD","620M",0.1,8
"219","EpiDISH_CP_eq","wgbstools","LUAD","620M",0.001,1
"220","EpiDISH_CP_ineq","wgbstools","LUAD","620M",0.001,1
"221","UXM","limma","LUAD","620M",0.007,1
"222","MetDecode","limma","LUAD","620M",0.025,6
"223","CelFiE","limma","LUAD","620M",0.007,1
"224","EpiDISH_RPC","limma","LUAD","620M",0.025,6
"225","meth_atlas","limma","LUAD","620M",0.025,6
"226","EpiSCORE","limma","LUAD","620M",0.025,6
"227","PRMeth","limma","LUAD","620M",0.007,1
"228","CIBERSORT","limma","LUAD","620M",0.025,6
"229","EpiDISH_CP_eq","limma","LUAD","620M",0.007,1
"230","EpiDISH_CP_ineq","limma","LUAD","620M",0.007,1
"231","UXM","DMRfinder","LUAD","620M",0.025,7
"232","MetDecode","DMRfinder","LUAD","620M",0.01,3
"233","CelFiE","DMRfinder","LUAD","620M",0.01,3
"234","EpiDISH_RPC","DMRfinder","LUAD","620M",0.5,8
"235","meth_atlas","DMRfinder","LUAD","620M",0.01,3
"236","EpiSCORE","DMRfinder","LUAD","620M",0.5,8
"237","PRMeth","DMRfinder","LUAD","620M",0.01,3
"238","CIBERSORT","DMRfinder","LUAD","620M",0.5,8
"239","EpiDISH_CP_eq","DMRfinder","LUAD","620M",0.007,1
"240","EpiDISH_CP_ineq","DMRfinder","LUAD","620M",0.007,1
"241","MetDecode","DMRfinder","LUSC","620M",0.007,2
"242","CelFiE","DMRfinder","LUSC","620M",0.003,1
"243","UXM","DMRfinder","LUSC","620M",0.01,6
"244","CIBERSORT","DMRfinder","LUSC","620M",0.5,10
"245","EpiSCORE","DMRfinder","LUSC","620M",0.05,7
"246","meth_atlas","DMRfinder","LUSC","620M",0.007,2
"247","EpiDISH_RPC","DMRfinder","LUSC","620M",0.05,7
"248","PRMeth","DMRfinder","LUSC","620M",0.25,9
"249","EpiDISH_CP_ineq","DMRfinder","LUSC","620M",0.007,2
"250","EpiDISH_CP_eq","DMRfinder","LUSC","620M",0.007,2
"251","MetDecode","wgbstools","LUSC","620M",0.007,2
"252","CelFiE","wgbstools","LUSC","620M",0.003,1
"253","UXM","wgbstools","LUSC","620M",0.01,7
"254","CIBERSORT","wgbstools","LUSC","620M",0.5,10
"255","EpiSCORE","wgbstools","LUSC","620M",0.1,8
"256","meth_atlas","wgbstools","LUSC","620M",0.007,2
"257","EpiDISH_RPC","wgbstools","LUSC","620M",0.25,9
"258","PRMeth","wgbstools","LUSC","620M",0.007,2
"259","EpiDISH_CP_ineq","wgbstools","LUSC","620M",0.007,2
"260","EpiDISH_CP_eq","wgbstools","LUSC","620M",0.007,2
"261","MetDecode","limma","LUSC","620M",0.001,1
"262","CelFiE","limma","LUSC","620M",0.007,2
"263","UXM","limma","LUSC","620M",0.025,7
"264","CIBERSORT","limma","LUSC","620M",0.025,7
"265","EpiSCORE","limma","LUSC","620M",0.025,7
"266","meth_atlas","limma","LUSC","620M",0.007,2
"267","EpiDISH_RPC","limma","LUSC","620M",0.025,7
"268","PRMeth","limma","LUSC","620M",0.01,6
"269","EpiDISH_CP_ineq","limma","LUSC","620M",0.007,2
"270","EpiDISH_CP_eq","limma","LUSC","620M",0.007,2
"271","EpiDISH_CP_ineq","DMRfinder","LUSC","62M",0.05,4
"272","EpiDISH_CP_eq","DMRfinder","LUSC","62M",0.01,1
"273","UXM","DMRfinder","LUSC","62M",0.025,3
"274","MetDecode","DMRfinder","LUSC","62M",0.05,4
"275","CelFiE","DMRfinder","LUSC","62M",0.01,1
"276","meth_atlas","DMRfinder","LUSC","62M",0.05,4
"277","EpiDISH_RPC","DMRfinder","LUSC","62M",0.25,7
"278","EpiSCORE","DMRfinder","LUSC","62M",0.25,7
"279","PRMeth","DMRfinder","LUSC","62M",1,9
"280","CIBERSORT","DMRfinder","LUSC","62M",1,9
"281","EpiDISH_CP_ineq","wgbstools","LUSC","62M",0.025,2
"282","EpiDISH_CP_eq","wgbstools","LUSC","62M",0.025,2
"283","UXM","wgbstools","LUSC","62M",0.025,2
"284","MetDecode","wgbstools","LUSC","62M",0.025,2
"285","CelFiE","wgbstools","LUSC","62M",0.01,1
"286","meth_atlas","wgbstools","LUSC","62M",0.025,2
"287","EpiDISH_RPC","wgbstools","LUSC","62M",0.5,9
"288","EpiSCORE","wgbstools","LUSC","62M",0.25,8
"289","PRMeth","wgbstools","LUSC","62M",0.025,2
"290","CIBERSORT","wgbstools","LUSC","62M",0.5,9
"291","EpiDISH_CP_ineq","limma","LUSC","62M",0.05,4
"292","EpiDISH_CP_eq","limma","LUSC","62M",0.05,4
"293","UXM","limma","LUSC","62M",0.025,1
"294","MetDecode","limma","LUSC","62M",0.025,1
"295","CelFiE","limma","LUSC","62M",0.025,1
"296","meth_atlas","limma","LUSC","62M",0.05,4
"297","EpiDISH_RPC","limma","LUSC","62M",0.1,8
"298","EpiSCORE","limma","LUSC","62M",0.1,8
"299","PRMeth","limma","LUSC","62M",0.1,8
"300","CIBERSORT","limma","LUSC","62M",0.05,4
"301","EpiDISH_CP_ineq","limma","LUSC","310M",0.007,1
"302","EpiDISH_CP_eq","limma","LUSC","310M",0.007,1
"303","UXM","limma","LUSC","310M",0.007,1
"304","MetDecode","limma","LUSC","310M",0.01,5
"305","CelFiE","limma","LUSC","310M",0.007,1
"306","EpiDISH_RPC","limma","LUSC","310M",0.025,7
"307","meth_atlas","limma","LUSC","310M",0.025,7
"308","PRMeth","limma","LUSC","310M",0.01,5
"309","EpiSCORE","limma","LUSC","310M",0.025,7
"310","CIBERSORT","limma","LUSC","310M",0.05,10
"311","EpiDISH_CP_ineq","wgbstools","LUSC","310M",0.007,1
"312","EpiDISH_CP_eq","wgbstools","LUSC","310M",0.007,1
"313","UXM","wgbstools","LUSC","310M",0.007,1
"314","MetDecode","wgbstools","LUSC","310M",0.007,1
"315","CelFiE","wgbstools","LUSC","310M",0.007,1
"316","EpiDISH_RPC","wgbstools","LUSC","310M",0.5,9
"317","meth_atlas","wgbstools","LUSC","310M",0.025,6
"318","PRMeth","wgbstools","LUSC","310M",0.05,7
"319","EpiSCORE","wgbstools","LUSC","310M",0.25,8
"320","CIBERSORT","wgbstools","LUSC","310M",0.5,9
"321","EpiDISH_CP_ineq","DMRfinder","LUSC","310M",0.025,4
"322","EpiDISH_CP_eq","DMRfinder","LUSC","310M",0.007,1
"323","UXM","DMRfinder","LUSC","310M",0.01,2
"324","MetDecode","DMRfinder","LUSC","310M",0.025,4
"325","CelFiE","DMRfinder","LUSC","310M",0.01,2
"326","EpiDISH_RPC","DMRfinder","LUSC","310M",0.25,8
"327","meth_atlas","DMRfinder","LUSC","310M",0.025,4
"328","PRMeth","DMRfinder","LUSC","310M",0.25,8
"329","EpiSCORE","DMRfinder","LUSC","310M",0.1,7
"330","CIBERSORT","DMRfinder","LUSC","310M",0.5,10
"331","EpiDISH_CP_eq","limma","LUSC","183M",0.007,1
"332","UXM","limma","LUSC","183M",0.025,6
"333","CelFiE","limma","LUSC","183M",0.007,1
"334","MetDecode","limma","LUSC","183M",0.01,4
"335","meth_atlas","limma","LUSC","183M",0.01,4
"336","EpiDISH_RPC","limma","LUSC","183M",0.025,6
"337","EpiSCORE","limma","LUSC","183M",0.05,10
"338","PRMeth","limma","LUSC","183M",0.025,6
"339","CIBERSORT","limma","LUSC","183M",0.025,6
"340","EpiDISH_CP_ineq","limma","LUSC","183M",0.007,1
"341","EpiDISH_CP_eq","wgbstools","LUSC","183M",0.01,4
"342","UXM","wgbstools","LUSC","183M",0.007,1
"343","CelFiE","wgbstools","LUSC","183M",0.007,1
"344","MetDecode","wgbstools","LUSC","183M",0.007,1
"345","meth_atlas","wgbstools","LUSC","183M",0.01,4
"346","EpiDISH_RPC","wgbstools","LUSC","183M",0.5,9
"347","EpiSCORE","wgbstools","LUSC","183M",0.25,8
"348","PRMeth","wgbstools","LUSC","183M",0.05,7
"349","CIBERSORT","wgbstools","LUSC","183M",0.5,9
"350","EpiDISH_CP_ineq","wgbstools","LUSC","183M",0.01,4
"351","EpiDISH_CP_eq","DMRfinder","LUSC","183M",0.01,1
"352","UXM","DMRfinder","LUSC","183M",0.025,8
"353","CelFiE","DMRfinder","LUSC","183M",0.01,1
"354","MetDecode","DMRfinder","LUSC","183M",0.01,1
"355","meth_atlas","DMRfinder","LUSC","183M",0.01,1
"356","EpiDISH_RPC","DMRfinder","LUSC","183M",0.01,1
"357","EpiSCORE","DMRfinder","LUSC","183M",0.01,1
"358","PRMeth","DMRfinder","LUSC","183M",0.25,9
"359","CIBERSORT","DMRfinder","LUSC","183M",0.25,9
"360","EpiDISH_CP_ineq","DMRfinder","LUSC","183M",0.01,1
"361","MetDecode","DMRfinder","BLCA","310M",0.01,1
"362","CelFiE","DMRfinder","BLCA","310M",0.01,1
"363","UXM","DMRfinder","BLCA","310M",0.025,4
"364","meth_atlas","DMRfinder","BLCA","310M",0.025,4
"365","EpiDISH_RPC","DMRfinder","BLCA","310M",1,9
"366","PRMeth","DMRfinder","BLCA","310M",0.025,4
"367","EpiSCORE","DMRfinder","BLCA","310M",0.5,8
"368","CIBERSORT","DMRfinder","BLCA","310M",1,9
"369","EpiDISH_CP_ineq","DMRfinder","BLCA","310M",0.025,4
"370","EpiDISH_CP_eq","DMRfinder","BLCA","310M",0.01,1
"371","MetDecode","limma","BLCA","310M",0.01,4
"372","CelFiE","limma","BLCA","310M",0.003,1
"373","UXM","limma","BLCA","310M",0.01,4
"374","meth_atlas","limma","BLCA","310M",0.01,4
"375","EpiDISH_RPC","limma","BLCA","310M",0.05,8
"376","PRMeth","limma","BLCA","310M",0.025,7
"377","EpiSCORE","limma","BLCA","310M",0.05,8
"378","CIBERSORT","limma","BLCA","310M",0.05,8
"379","EpiDISH_CP_ineq","limma","BLCA","310M",0.003,1
"380","EpiDISH_CP_eq","limma","BLCA","310M",0.003,1
"381","MetDecode","wgbstools","BLCA","310M",0.003,1
"382","CelFiE","wgbstools","BLCA","310M",0.003,1
"383","UXM","wgbstools","BLCA","310M",0.007,5
"384","meth_atlas","wgbstools","BLCA","310M",0.007,5
"385","EpiDISH_RPC","wgbstools","BLCA","310M",0.25,9
"386","PRMeth","wgbstools","BLCA","310M",0.025,8
"387","EpiSCORE","wgbstools","BLCA","310M",0.01,7
"388","CIBERSORT","wgbstools","BLCA","310M",0.25,9
"389","EpiDISH_CP_ineq","wgbstools","BLCA","310M",0.003,1
"390","EpiDISH_CP_eq","wgbstools","BLCA","310M",0.003,1
"391","CelFiE","limma","BLCA","62M",0.025,1
"392","MetDecode","limma","BLCA","62M",0.05,3
"393","UXM","limma","BLCA","62M",0.025,1
"394","EpiDISH_RPC","limma","BLCA","62M",0.1,6
"395","PRMeth","limma","BLCA","62M",0.1,6
"396","EpiSCORE","limma","BLCA","62M",0.1,6
"397","meth_atlas","limma","BLCA","62M",0.05,3
"398","CIBERSORT","limma","BLCA","62M",0.1,6
"399","EpiDISH_CP_ineq","limma","BLCA","62M",0.1,6
"400","EpiDISH_CP_eq","limma","BLCA","62M",0.05,3
"401","CelFiE","DMRfinder","BLCA","62M",0.025,1
"402","MetDecode","DMRfinder","BLCA","62M",0.025,1
"403","UXM","DMRfinder","BLCA","62M",0.025,1
"404","EpiDISH_RPC","DMRfinder","BLCA","62M",1,9
"405","PRMeth","DMRfinder","BLCA","62M",0.1,7
"406","EpiSCORE","DMRfinder","BLCA","62M",0.25,8
"407","meth_atlas","DMRfinder","BLCA","62M",0.05,4
"408","CIBERSORT","DMRfinder","BLCA","62M",1,9
"409","EpiDISH_CP_ineq","DMRfinder","BLCA","62M",0.05,4
"410","EpiDISH_CP_eq","DMRfinder","BLCA","62M",0.05,4
"411","CelFiE","wgbstools","BLCA","62M",0.007,1
"412","MetDecode","wgbstools","BLCA","62M",0.05,5
"413","UXM","wgbstools","BLCA","62M",0.007,1
"414","EpiDISH_RPC","wgbstools","BLCA","62M",0.5,9
"415","PRMeth","wgbstools","BLCA","62M",0.1,7
"416","EpiSCORE","wgbstools","BLCA","62M",0.25,8
"417","meth_atlas","wgbstools","BLCA","62M",0.05,5
"418","CIBERSORT","wgbstools","BLCA","62M",1,10
"419","EpiDISH_CP_ineq","wgbstools","BLCA","62M",0.025,3
"420","EpiDISH_CP_eq","wgbstools","BLCA","62M",0.025,3
"421","EpiDISH_CP_eq","DMRfinder","BLCA","620M",0.007,2
"422","UXM","DMRfinder","BLCA","620M",0.025,7
"423","MetDecode","DMRfinder","BLCA","620M",0.007,2
"424","CelFiE","DMRfinder","BLCA","620M",0.003,1
"425","meth_atlas","DMRfinder","BLCA","620M",0.007,2
"426","EpiDISH_RPC","DMRfinder","BLCA","620M",1,9
"427","EpiSCORE","DMRfinder","BLCA","620M",0.25,8
"428","CIBERSORT","DMRfinder","BLCA","620M",1,9
"429","PRMeth","DMRfinder","BLCA","620M",0.01,6
"430","EpiDISH_CP_ineq","DMRfinder","BLCA","620M",0.007,2
"431","EpiDISH_CP_eq","wgbstools","BLCA","620M",0.007,2
"432","UXM","wgbstools","BLCA","620M",0.007,2
"433","MetDecode","wgbstools","BLCA","620M",0.007,2
"434","CelFiE","wgbstools","BLCA","620M",0.003,1
"435","meth_atlas","wgbstools","BLCA","620M",0.007,2
"436","EpiDISH_RPC","wgbstools","BLCA","620M",0.25,10
"437","EpiSCORE","wgbstools","BLCA","620M",0.05,8
"438","CIBERSORT","wgbstools","BLCA","620M",0.05,8
"439","PRMeth","wgbstools","BLCA","620M",0.025,7
"440","EpiDISH_CP_ineq","wgbstools","BLCA","620M",0.007,2
"441","EpiDISH_CP_eq","limma","BLCA","620M",0.007,1
"442","UXM","limma","BLCA","620M",0.025,6
"443","MetDecode","limma","BLCA","620M",0.007,1
"444","CelFiE","limma","BLCA","620M",0.007,1
"445","meth_atlas","limma","BLCA","620M",0.007,1
"446","EpiDISH_RPC","limma","BLCA","620M",0.025,6
"447","EpiSCORE","limma","BLCA","620M",0.025,6
"448","CIBERSORT","limma","BLCA","620M",0.025,6
"449","PRMeth","limma","BLCA","620M",0.025,6
"450","EpiDISH_CP_ineq","limma","BLCA","620M",0.007,1
"451","EpiDISH_CP_eq","limma","BLCA","183M",1e-04,1
"452","EpiDISH_CP_ineq","limma","BLCA","183M",1e-04,1
"453","UXM","limma","BLCA","183M",0.007,4
"454","CelFiE","limma","BLCA","183M",0.007,4
"455","MetDecode","limma","BLCA","183M",0.025,6
"456","meth_atlas","limma","BLCA","183M",1e-04,1
"457","EpiDISH_RPC","limma","BLCA","183M",0.025,6
"458","CIBERSORT","limma","BLCA","183M",0.025,6
"459","EpiSCORE","limma","BLCA","183M",0.05,9
"460","PRMeth","limma","BLCA","183M",0.05,9
"461","EpiDISH_CP_eq","wgbstools","BLCA","183M",0.007,1
"462","EpiDISH_CP_ineq","wgbstools","BLCA","183M",0.007,1
"463","UXM","wgbstools","BLCA","183M",0.007,1
"464","CelFiE","wgbstools","BLCA","183M",0.007,1
"465","MetDecode","wgbstools","BLCA","183M",0.007,1
"466","meth_atlas","wgbstools","BLCA","183M",0.007,1
"467","EpiDISH_RPC","wgbstools","BLCA","183M",0.25,8
"468","CIBERSORT","wgbstools","BLCA","183M",0.25,8
"469","EpiSCORE","wgbstools","BLCA","183M",0.25,8
"470","PRMeth","wgbstools","BLCA","183M",0.025,7
"471","EpiDISH_CP_eq","DMRfinder","BLCA","183M",0.025,4
"472","EpiDISH_CP_ineq","DMRfinder","BLCA","183M",0.007,1
"473","UXM","DMRfinder","BLCA","183M",0.025,4
"474","CelFiE","DMRfinder","BLCA","183M",0.01,3
"475","MetDecode","DMRfinder","BLCA","183M",0.025,4
"476","meth_atlas","DMRfinder","BLCA","183M",0.007,1
"477","EpiDISH_RPC","DMRfinder","BLCA","183M",1,10
"478","CIBERSORT","DMRfinder","BLCA","183M",0.5,8
"479","EpiSCORE","DMRfinder","BLCA","183M",0.5,8
"480","PRMeth","DMRfinder","BLCA","183M",0.1,7
"481","CelFiE","wgbstools","PC","5M",0.007,1
"482","MetDecode","wgbstools","PC","5M",0.025,2
"483","UXM","wgbstools","PC","5M",0.1,10
"484","EpiDISH_RPC","wgbstools","PC","5M",0.05,5
"485","PRMeth","wgbstools","PC","5M",0.025,2
"486","EpiSCORE","wgbstools","PC","5M",0.05,5
"487","meth_atlas","wgbstools","PC","5M",0.05,5
"488","CIBERSORT","wgbstools","PC","5M",0.05,5
"489","EpiDISH_CP_ineq","wgbstools","PC","5M",0.05,5
"490","EpiDISH_CP_eq","wgbstools","PC","5M",0.025,2
"491","CelFiE","DMRfinder","PC","5M",0.025,3
"492","MetDecode","DMRfinder","PC","5M",0.025,3
"493","UXM","DMRfinder","PC","5M",0.25,10
"494","EpiDISH_RPC","DMRfinder","PC","5M",0.1,8
"495","PRMeth","DMRfinder","PC","5M",0.025,3
"496","EpiSCORE","DMRfinder","PC","5M",0.1,8
"497","meth_atlas","DMRfinder","PC","5M",0.025,3
"498","CIBERSORT","DMRfinder","PC","5M",0.05,7
"499","EpiDISH_CP_ineq","DMRfinder","PC","5M",0.01,1
"500","EpiDISH_CP_eq","DMRfinder","PC","5M",0.01,1
"501","CelFiE","limma","PC","5M",0.025,1
"502","MetDecode","limma","PC","5M",0.05,4
"503","UXM","limma","PC","5M",0.5,10
"504","EpiDISH_RPC","limma","PC","5M",0.1,7
"505","PRMeth","limma","PC","5M",0.025,1
"506","EpiSCORE","limma","PC","5M",0.1,7
"507","meth_atlas","limma","PC","5M",0.05,4
"508","CIBERSORT","limma","PC","5M",0.1,7
"509","EpiDISH_CP_ineq","limma","PC","5M",0.05,4
"510","EpiDISH_CP_eq","limma","PC","5M",0.025,1
"511","EpiDISH_CP_ineq","limma","PC","15M",0.025,1
"512","EpiDISH_CP_eq","limma","PC","15M",0.025,1
"513","UXM","limma","PC","15M",0.25,10
"514","MetDecode","limma","PC","15M",0.025,1
"515","CelFiE","limma","PC","15M",0.025,1
"516","PRMeth","limma","PC","15M",0.025,1
"517","EpiDISH_RPC","limma","PC","15M",0.05,8
"518","EpiSCORE","limma","PC","15M",0.025,1
"519","meth_atlas","limma","PC","15M",0.05,8
"520","CIBERSORT","limma","PC","15M",0.025,1
"521","EpiDISH_CP_ineq","DMRfinder","PC","15M",0.01,2
"522","EpiDISH_CP_eq","DMRfinder","PC","15M",0.01,2
"523","UXM","DMRfinder","PC","15M",0.25,10
"524","MetDecode","DMRfinder","PC","15M",0.025,5
"525","CelFiE","DMRfinder","PC","15M",0.007,1
"526","PRMeth","DMRfinder","PC","15M",0.01,2
"527","EpiDISH_RPC","DMRfinder","PC","15M",0.1,8
"528","EpiSCORE","DMRfinder","PC","15M",0.1,8
"529","meth_atlas","DMRfinder","PC","15M",0.025,5
"530","CIBERSORT","DMRfinder","PC","15M",0.05,7
"531","EpiDISH_CP_ineq","wgbstools","PC","15M",0.05,4
"532","EpiDISH_CP_eq","wgbstools","PC","15M",0.05,4
"533","UXM","wgbstools","PC","15M",0.1,8
"534","MetDecode","wgbstools","PC","15M",0.025,2
"535","CelFiE","wgbstools","PC","15M",0.007,1
"536","PRMeth","wgbstools","PC","15M",0.025,2
"537","EpiDISH_RPC","wgbstools","PC","15M",0.05,4
"538","EpiSCORE","wgbstools","PC","15M",0.1,8
"539","meth_atlas","wgbstools","PC","15M",0.05,4
"540","CIBERSORT","wgbstools","PC","15M",0.1,8
"541","MetDecode","wgbstools","PC","20M",0.025,2
"542","CelFiE","wgbstools","PC","20M",0.007,1
"543","UXM","wgbstools","PC","20M",0.05,4
"544","EpiDISH_RPC","wgbstools","PC","20M",0.05,4
"545","meth_atlas","wgbstools","PC","20M",0.05,4
"546","PRMeth","wgbstools","PC","20M",0.025,2
"547","EpiSCORE","wgbstools","PC","20M",0.05,4
"548","CIBERSORT","wgbstools","PC","20M",0.05,4
"549","EpiDISH_CP_ineq","wgbstools","PC","20M",0.05,4
"550","EpiDISH_CP_eq","wgbstools","PC","20M",0.05,4
"551","MetDecode","DMRfinder","PC","20M",0.025,5
"552","CelFiE","DMRfinder","PC","20M",0.007,3
"553","UXM","DMRfinder","PC","20M",0.25,10
"554","EpiDISH_RPC","DMRfinder","PC","20M",0.025,5
"555","meth_atlas","DMRfinder","PC","20M",0.007,3
"556","PRMeth","DMRfinder","PC","20M",0.025,5
"557","EpiSCORE","DMRfinder","PC","20M",0.1,9
"558","CIBERSORT","DMRfinder","PC","20M",0.05,8
"559","EpiDISH_CP_ineq","DMRfinder","PC","20M",0.003,1
"560","EpiDISH_CP_eq","DMRfinder","PC","20M",0.003,1
"561","MetDecode","limma","PC","20M",0.007,2
"562","CelFiE","limma","PC","20M",0.003,1
"563","UXM","limma","PC","20M",0.1,10
"564","EpiDISH_RPC","limma","PC","20M",0.025,5
"565","meth_atlas","limma","PC","20M",0.025,5
"566","PRMeth","limma","PC","20M",0.025,5
"567","EpiSCORE","limma","PC","20M",0.025,5
"568","CIBERSORT","limma","PC","20M",0.025,5
"569","EpiDISH_CP_ineq","limma","PC","20M",0.007,2
"570","EpiDISH_CP_eq","limma","PC","20M",0.007,2
"571","EpiDISH_CP_ineq","wgbstools","PC","2M",0.05,2
"572","CelFiE","wgbstools","PC","2M",0.025,1
"573","MetDecode","wgbstools","PC","2M",0.05,2
"574","UXM","wgbstools","PC","2M",0.1,7
"575","PRMeth","wgbstools","PC","2M",0.05,2
"576","EpiDISH_RPC","wgbstools","PC","2M",0.1,7
"577","EpiSCORE","wgbstools","PC","2M",0.1,7
"578","meth_atlas","wgbstools","PC","2M",0.05,2
"579","CIBERSORT","wgbstools","PC","2M",0.1,7
"580","EpiDISH_CP_eq","wgbstools","PC","2M",0.05,2
"581","EpiDISH_CP_ineq","limma","PC","2M",0.025,3
"582","CelFiE","limma","PC","2M",0.025,3
"583","MetDecode","limma","PC","2M",0.025,3
"584","UXM","limma","PC","2M",0.5,10
"585","PRMeth","limma","PC","2M",0.1,7
"586","EpiDISH_RPC","limma","PC","2M",0.1,7
"587","EpiSCORE","limma","PC","2M",0.01,1
"588","meth_atlas","limma","PC","2M",0.025,3
"589","CIBERSORT","limma","PC","2M",0.01,1
"590","EpiDISH_CP_eq","limma","PC","2M",0.1,7
"591","EpiDISH_CP_ineq","DMRfinder","PC","2M",0.025,3
"592","CelFiE","DMRfinder","PC","2M",0.025,3
"593","MetDecode","DMRfinder","PC","2M",0.025,3
"594","UXM","DMRfinder","PC","2M",0.5,10
"595","PRMeth","DMRfinder","PC","2M",0.05,6
"596","EpiDISH_RPC","DMRfinder","PC","2M",0.25,8
"597","EpiSCORE","DMRfinder","PC","2M",0.25,8
"598","meth_atlas","DMRfinder","PC","2M",0.01,1
"599","CIBERSORT","DMRfinder","PC","2M",0.1,7
"600","EpiDISH_CP_eq","DMRfinder","PC","2M",0.01,1
"601","EpiDISH_CP_eq","DMRfinder","PC","10M",0.007,1
"602","CelFiE","DMRfinder","PC","10M",0.007,1
"603","MetDecode","DMRfinder","PC","10M",0.01,5
"604","UXM","DMRfinder","PC","10M",0.1,10
"605","EpiDISH_RPC","DMRfinder","PC","10M",0.05,8
"606","PRMeth","DMRfinder","PC","10M",0.01,5
"607","EpiSCORE","DMRfinder","PC","10M",0.05,8
"608","CIBERSORT","DMRfinder","PC","10M",0.025,7
"609","meth_atlas","DMRfinder","PC","10M",0.007,1
"610","EpiDISH_CP_ineq","DMRfinder","PC","10M",0.007,1
"611","EpiDISH_CP_eq","wgbstools","PC","10M",0.025,2
"612","CelFiE","wgbstools","PC","10M",0.007,1
"613","MetDecode","wgbstools","PC","10M",0.025,2
"614","UXM","wgbstools","PC","10M",0.025,2
"615","EpiDISH_RPC","wgbstools","PC","10M",0.05,6
"616","PRMeth","wgbstools","PC","10M",0.025,2
"617","EpiSCORE","wgbstools","PC","10M",0.05,6
"618","CIBERSORT","wgbstools","PC","10M",0.05,6
"619","meth_atlas","wgbstools","PC","10M",0.05,6
"620","EpiDISH_CP_ineq","wgbstools","PC","10M",0.05,6
"621","EpiDISH_CP_eq","limma","PC","10M",0.01,2
"622","CelFiE","limma","PC","10M",0.007,1
"623","MetDecode","limma","PC","10M",0.01,2
"624","UXM","limma","PC","10M",0.1,10
"625","EpiDISH_RPC","limma","PC","10M",0.05,9
"626","PRMeth","limma","PC","10M",0.01,2
"627","EpiSCORE","limma","PC","10M",0.01,2
"628","CIBERSORT","limma","PC","10M",0.01,2
"629","meth_atlas","limma","PC","10M",0.01,2
"630","EpiDISH_CP_ineq","limma","PC","10M",0.01,2
"631","EpiDISH_CP_eq","limma","LC","5M",0.025,1
"632","MetDecode","limma","LC","5M",0.05,4
"633","CelFiE","limma","LC","5M",0.025,1
"634","UXM","limma","LC","5M",0.5,10
"635","EpiDISH_RPC","limma","LC","5M",0.1,7
"636","EpiSCORE","limma","LC","5M",0.1,7
"637","PRMeth","limma","LC","5M",0.05,4
"638","meth_atlas","limma","LC","5M",0.05,4
"639","CIBERSORT","limma","LC","5M",0.1,7
"640","EpiDISH_CP_ineq","limma","LC","5M",0.025,1
"641","EpiDISH_CP_eq","wgbstools","LC","5M",0.1,3
"642","MetDecode","wgbstools","LC","5M",1,10
"643","CelFiE","wgbstools","LC","5M",0.025,1
"644","UXM","wgbstools","LC","5M",0.1,3
"645","EpiDISH_RPC","wgbstools","LC","5M",0.1,3
"646","EpiSCORE","wgbstools","LC","5M",0.25,9
"647","PRMeth","wgbstools","LC","5M",0.025,1
"648","meth_atlas","wgbstools","LC","5M",0.1,3
"649","CIBERSORT","wgbstools","LC","5M",0.1,3
"650","EpiDISH_CP_ineq","wgbstools","LC","5M",0.1,3
"651","EpiDISH_CP_eq","DMRfinder","LC","5M",0.05,4
"652","MetDecode","DMRfinder","LC","5M",0.025,2
"653","CelFiE","DMRfinder","LC","5M",0.025,2
"654","UXM","DMRfinder","LC","5M",0.5,10
"655","EpiDISH_RPC","DMRfinder","LC","5M",0.1,7
"656","EpiSCORE","DMRfinder","LC","5M",0.1,7
"657","PRMeth","DMRfinder","LC","5M",0.05,4
"658","meth_atlas","DMRfinder","LC","5M",0.003,1
"659","CIBERSORT","DMRfinder","LC","5M",0.1,7
"660","EpiDISH_CP_ineq","DMRfinder","LC","5M",0.05,4
"661","EpiDISH_CP_eq","limma","LC","10M",0.025,3
"662","MetDecode","limma","LC","10M",0.007,1
"663","UXM","limma","LC","10M",0.25,9
"664","CelFiE","limma","LC","10M",0.007,1
"665","PRMeth","limma","LC","10M",0.025,3
"666","EpiDISH_RPC","limma","LC","10M",0.25,9
"667","EpiSCORE","limma","LC","10M",0.05,7
"668","meth_atlas","limma","LC","10M",0.025,3
"669","CIBERSORT","limma","LC","10M",0.1,8
"670","EpiDISH_CP_ineq","limma","LC","10M",0.025,3
"671","EpiDISH_CP_eq","DMRfinder","LC","10M",0.01,3
"672","MetDecode","DMRfinder","LC","10M",0.025,5
"673","UXM","DMRfinder","LC","10M",0.25,10
"674","CelFiE","DMRfinder","LC","10M",0.007,2
"675","PRMeth","DMRfinder","LC","10M",0.025,5
"676","EpiDISH_RPC","DMRfinder","LC","10M",0.05,8
"677","EpiSCORE","DMRfinder","LC","10M",0.05,8
"678","meth_atlas","DMRfinder","LC","10M",0.003,1
"679","CIBERSORT","DMRfinder","LC","10M",0.025,5
"680","EpiDISH_CP_ineq","DMRfinder","LC","10M",0.01,3
"681","EpiDISH_CP_eq","wgbstools","LC","10M",0.1,4
"682","MetDecode","wgbstools","LC","10M",1,10
"683","UXM","wgbstools","LC","10M",0.1,4
"684","CelFiE","wgbstools","LC","10M",0.025,1
"685","PRMeth","wgbstools","LC","10M",0.025,1
"686","EpiDISH_RPC","wgbstools","LC","10M",0.1,4
"687","EpiSCORE","wgbstools","LC","10M",0.1,4
"688","meth_atlas","wgbstools","LC","10M",0.05,3
"689","CIBERSORT","wgbstools","LC","10M",0.1,4
"690","EpiDISH_CP_ineq","wgbstools","LC","10M",0.1,4
"691","EpiDISH_CP_ineq","limma","LC","15M",0.025,1
"692","EpiDISH_CP_eq","limma","LC","15M",0.025,1
"693","MetDecode","limma","LC","15M",0.025,1
"694","CelFiE","limma","LC","15M",0.025,1
"695","UXM","limma","LC","15M",0.25,10
"696","PRMeth","limma","LC","15M",0.025,1
"697","EpiDISH_RPC","limma","LC","15M",0.1,7
"698","EpiSCORE","limma","LC","15M",0.1,7
"699","meth_atlas","limma","LC","15M",0.05,6
"700","CIBERSORT","limma","LC","15M",0.1,7
"701","EpiDISH_CP_ineq","DMRfinder","LC","15M",0.025,1
"702","EpiDISH_CP_eq","DMRfinder","LC","15M",0.025,1
"703","MetDecode","DMRfinder","LC","15M",0.025,1
"704","CelFiE","DMRfinder","LC","15M",0.025,1
"705","UXM","DMRfinder","LC","15M",0.5,10
"706","PRMeth","DMRfinder","LC","15M",0.025,1
"707","EpiDISH_RPC","DMRfinder","LC","15M",0.05,7
"708","EpiSCORE","DMRfinder","LC","15M",0.05,7
"709","meth_atlas","DMRfinder","LC","15M",0.025,1
"710","CIBERSORT","DMRfinder","LC","15M",0.05,7
"711","EpiDISH_CP_ineq","wgbstools","LC","15M",0.1,5
"712","EpiDISH_CP_eq","wgbstools","LC","15M",0.1,5
"713","MetDecode","wgbstools","LC","15M",1,10
"714","CelFiE","wgbstools","LC","15M",0.025,1
"715","UXM","wgbstools","LC","15M",0.1,5
"716","PRMeth","wgbstools","LC","15M",0.025,1
"717","EpiDISH_RPC","wgbstools","LC","15M",0.25,8
"718","EpiSCORE","wgbstools","LC","15M",0.25,8
"719","meth_atlas","wgbstools","LC","15M",0.05,3
"720","CIBERSORT","wgbstools","LC","15M",0.05,3
"721","EpiDISH_CP_ineq","limma","LC","20M",0.025,5
"722","EpiDISH_CP_eq","limma","LC","20M",0.025,5
"723","MetDecode","limma","LC","20M",0.01,2
"724","UXM","limma","LC","20M",0.25,10
"725","CelFiE","limma","LC","20M",0.007,1
"726","PRMeth","limma","LC","20M",0.01,2
"727","EpiDISH_RPC","limma","LC","20M",0.1,8
"728","EpiSCORE","limma","LC","20M",0.1,8
"729","meth_atlas","limma","LC","20M",0.01,2
"730","CIBERSORT","limma","LC","20M",0.05,7
"731","EpiDISH_CP_ineq","wgbstools","LC","20M",0.1,5
"732","EpiDISH_CP_eq","wgbstools","LC","20M",0.1,5
"733","MetDecode","wgbstools","LC","20M",1,10
"734","UXM","wgbstools","LC","20M",0.025,1
"735","CelFiE","wgbstools","LC","20M",0.025,1
"736","PRMeth","wgbstools","LC","20M",0.025,1
"737","EpiDISH_RPC","wgbstools","LC","20M",0.25,8
"738","EpiSCORE","wgbstools","LC","20M",0.25,8
"739","meth_atlas","wgbstools","LC","20M",0.05,4
"740","CIBERSORT","wgbstools","LC","20M",0.1,5
"741","EpiDISH_CP_ineq","DMRfinder","LC","20M",0.01,3
"742","EpiDISH_CP_eq","DMRfinder","LC","20M",0.01,3
"743","MetDecode","DMRfinder","LC","20M",0.01,3
"744","UXM","DMRfinder","LC","20M",0.25,10
"745","CelFiE","DMRfinder","LC","20M",0.003,1
"746","PRMeth","DMRfinder","LC","20M",0.025,6
"747","EpiDISH_RPC","DMRfinder","LC","20M",0.025,6
"748","EpiSCORE","DMRfinder","LC","20M",0.025,6
"749","meth_atlas","DMRfinder","LC","20M",0.003,1
"750","CIBERSORT","DMRfinder","LC","20M",0.025,6
"751","EpiDISH_CP_ineq","wgbstools","LC","2M",0.1,3
"752","EpiDISH_CP_eq","wgbstools","LC","2M",0.1,3
"753","MetDecode","wgbstools","LC","2M",1,10
"754","CelFiE","wgbstools","LC","2M",0.05,1
"755","UXM","wgbstools","LC","2M",0.25,6
"756","EpiDISH_RPC","wgbstools","LC","2M",0.25,6
"757","EpiSCORE","wgbstools","LC","2M",0.25,6
"758","PRMeth","wgbstools","LC","2M",0.05,1
"759","meth_atlas","wgbstools","LC","2M",0.1,3
"760","CIBERSORT","wgbstools","LC","2M",0.25,6
"761","EpiDISH_CP_ineq","limma","LC","2M",0.1,2
"762","EpiDISH_CP_eq","limma","LC","2M",0.1,2
"763","MetDecode","limma","LC","2M",0.1,2
"764","CelFiE","limma","LC","2M",0.05,1
"765","UXM","limma","LC","2M",0.25,7
"766","EpiDISH_RPC","limma","LC","2M",0.25,7
"767","EpiSCORE","limma","LC","2M",0.25,7
"768","PRMeth","limma","LC","2M",0.1,2
"769","meth_atlas","limma","LC","2M",0.1,2
"770","CIBERSORT","limma","LC","2M",0.25,7
"771","EpiDISH_CP_ineq","DMRfinder","LC","2M",0.05,1
"772","EpiDISH_CP_eq","DMRfinder","LC","2M",0.05,1
"773","MetDecode","DMRfinder","LC","2M",0.05,1
"774","CelFiE","DMRfinder","LC","2M",0.05,1
"775","UXM","DMRfinder","LC","2M",0.5,10
"776","EpiDISH_RPC","DMRfinder","LC","2M",0.1,7
"777","EpiSCORE","DMRfinder","LC","2M",0.05,1
"778","PRMeth","DMRfinder","LC","2M",0.1,7
"779","meth_atlas","DMRfinder","LC","2M",0.05,1
"780","CIBERSORT","DMRfinder","LC","2M",0.1,7
"781","UXM","DMRfinder","CRC","15M",0.5,10
"782","MetDecode","DMRfinder","CRC","15M",0.01,1
"783","CelFiE","DMRfinder","CRC","15M",0.01,1
"784","PRMeth","DMRfinder","CRC","15M",0.025,3
"785","EpiDISH_RPC","DMRfinder","CRC","15M",0.1,7
"786","EpiSCORE","DMRfinder","CRC","15M",0.1,7
"787","meth_atlas","DMRfinder","CRC","15M",0.025,3
"788","CIBERSORT","DMRfinder","CRC","15M",0.1,7
"789","EpiDISH_CP_ineq","DMRfinder","CRC","15M",0.025,3
"790","EpiDISH_CP_eq","DMRfinder","CRC","15M",0.025,3
"791","UXM","wgbstools","CRC","15M",0.05,6
"792","MetDecode","wgbstools","CRC","15M",1,10
"793","CelFiE","wgbstools","CRC","15M",0.007,1
"794","PRMeth","wgbstools","CRC","15M",0.025,2
"795","EpiDISH_RPC","wgbstools","CRC","15M",0.05,6
"796","EpiSCORE","wgbstools","CRC","15M",0.05,6
"797","meth_atlas","wgbstools","CRC","15M",0.025,2
"798","CIBERSORT","wgbstools","CRC","15M",0.05,6
"799","EpiDISH_CP_ineq","wgbstools","CRC","15M",0.025,2
"800","EpiDISH_CP_eq","wgbstools","CRC","15M",0.025,2
"801","UXM","limma","CRC","15M",0.1,10
"802","MetDecode","limma","CRC","15M",0.025,6
"803","CelFiE","limma","CRC","15M",0.01,2
"804","PRMeth","limma","CRC","15M",0.01,2
"805","EpiDISH_RPC","limma","CRC","15M",0.025,6
"806","EpiSCORE","limma","CRC","15M",0.025,6
"807","meth_atlas","limma","CRC","15M",0.007,1
"808","CIBERSORT","limma","CRC","15M",0.025,6
"809","EpiDISH_CP_ineq","limma","CRC","15M",0.01,2
"810","EpiDISH_CP_eq","limma","CRC","15M",0.01,2
"811","MetDecode","DMRfinder","CRC","5M",0.025,1
"812","CelFiE","DMRfinder","CRC","5M",0.025,1
"813","UXM","DMRfinder","CRC","5M",0.5,10
"814","meth_atlas","DMRfinder","CRC","5M",0.025,1
"815","EpiDISH_RPC","DMRfinder","CRC","5M",0.25,7
"816","PRMeth","DMRfinder","CRC","5M",0.025,1
"817","EpiSCORE","DMRfinder","CRC","5M",0.25,7
"818","CIBERSORT","DMRfinder","CRC","5M",0.25,7
"819","EpiDISH_CP_ineq","DMRfinder","CRC","5M",0.025,1
"820","EpiDISH_CP_eq","DMRfinder","CRC","5M",0.025,1
"821","MetDecode","wgbstools","CRC","5M",0.01,2
"822","CelFiE","wgbstools","CRC","5M",0.01,2
"823","UXM","wgbstools","CRC","5M",0.05,6
"824","meth_atlas","wgbstools","CRC","5M",0.05,6
"825","EpiDISH_RPC","wgbstools","CRC","5M",0.1,8
"826","PRMeth","wgbstools","CRC","5M",0.007,1
"827","EpiSCORE","wgbstools","CRC","5M",0.1,8
"828","CIBERSORT","wgbstools","CRC","5M",0.1,8
"829","EpiDISH_CP_ineq","wgbstools","CRC","5M",0.025,4
"830","EpiDISH_CP_eq","wgbstools","CRC","5M",0.025,4
"831","MetDecode","limma","CRC","5M",1,10
"832","CelFiE","limma","CRC","5M",0.025,1
"833","UXM","limma","CRC","5M",0.25,9
"834","meth_atlas","limma","CRC","5M",0.05,2
"835","EpiDISH_RPC","limma","CRC","5M",0.05,2
"836","PRMeth","limma","CRC","5M",0.05,2
"837","EpiSCORE","limma","CRC","5M",0.1,7
"838","CIBERSORT","limma","CRC","5M",0.1,7
"839","EpiDISH_CP_ineq","limma","CRC","5M",0.05,2
"840","EpiDISH_CP_eq","limma","CRC","5M",0.05,2
"841","EpiDISH_CP_eq","limma","CRC","2M",0.1,4
"842","MetDecode","limma","CRC","2M",0.05,1
"843","CelFiE","limma","CRC","2M",0.05,1
"844","UXM","limma","CRC","2M",1,10
"845","EpiDISH_RPC","limma","CRC","2M",0.1,4
"846","EpiSCORE","limma","CRC","2M",0.25,8
"847","meth_atlas","limma","CRC","2M",0.1,4
"848","PRMeth","limma","CRC","2M",0.1,4
"849","CIBERSORT","limma","CRC","2M",0.25,8
"850","EpiDISH_CP_ineq","limma","CRC","2M",0.05,1
"851","EpiDISH_CP_eq","wgbstools","CRC","2M",0.05,3
"852","MetDecode","wgbstools","CRC","2M",0.025,2
"853","CelFiE","wgbstools","CRC","2M",0.01,1
"854","UXM","wgbstools","CRC","2M",0.25,7
"855","EpiDISH_RPC","wgbstools","CRC","2M",0.25,7
"856","EpiSCORE","wgbstools","CRC","2M",0.25,7
"857","meth_atlas","wgbstools","CRC","2M",0.1,6
"858","PRMeth","wgbstools","CRC","2M",0.05,3
"859","CIBERSORT","wgbstools","CRC","2M",0.25,7
"860","EpiDISH_CP_ineq","wgbstools","CRC","2M",0.05,3
"861","EpiDISH_CP_eq","DMRfinder","CRC","2M",0.1,2
"862","MetDecode","DMRfinder","CRC","2M",0.1,2
"863","CelFiE","DMRfinder","CRC","2M",0.05,1
"864","UXM","DMRfinder","CRC","2M",1,10
"865","EpiDISH_RPC","DMRfinder","CRC","2M",0.25,8
"866","EpiSCORE","DMRfinder","CRC","2M",0.25,8
"867","meth_atlas","DMRfinder","CRC","2M",0.1,2
"868","PRMeth","DMRfinder","CRC","2M",0.1,2
"869","CIBERSORT","DMRfinder","CRC","2M",0.1,2
"870","EpiDISH_CP_ineq","DMRfinder","CRC","2M",0.1,2
"871","EpiDISH_CP_ineq","limma","CRC","20M",0.01,3
"872","UXM","limma","CRC","20M",0.1,10
"873","MetDecode","limma","CRC","20M",0.007,1
"874","CelFiE","limma","CRC","20M",0.007,1
"875","EpiDISH_RPC","limma","CRC","20M",0.025,6
"876","PRMeth","limma","CRC","20M",0.01,3
"877","meth_atlas","limma","CRC","20M",0.025,6
"878","EpiSCORE","limma","CRC","20M",0.05,8
"879","CIBERSORT","limma","CRC","20M",0.05,8
"880","EpiDISH_CP_eq","limma","CRC","20M",0.01,3
"881","EpiDISH_CP_ineq","wgbstools","CRC","20M",0.025,7
"882","UXM","wgbstools","CRC","20M",0.025,7
"883","MetDecode","wgbstools","CRC","20M",0.003,1
"884","CelFiE","wgbstools","CRC","20M",0.003,1
"885","EpiDISH_RPC","wgbstools","CRC","20M",0.01,3
"886","PRMeth","wgbstools","CRC","20M",0.01,3
"887","meth_atlas","wgbstools","CRC","20M",0.01,3
"888","EpiSCORE","wgbstools","CRC","20M",0.01,3
"889","CIBERSORT","wgbstools","CRC","20M",0.025,7
"890","EpiDISH_CP_eq","wgbstools","CRC","20M",0.025,7
"891","EpiDISH_CP_ineq","DMRfinder","CRC","20M",0.01,3
"892","UXM","DMRfinder","CRC","20M",0.1,8
"893","MetDecode","DMRfinder","CRC","20M",0.007,2
"894","CelFiE","DMRfinder","CRC","20M",0.003,1
"895","EpiDISH_RPC","DMRfinder","CRC","20M",0.05,7
"896","PRMeth","DMRfinder","CRC","20M",0.025,6
"897","meth_atlas","DMRfinder","CRC","20M",0.01,3
"898","EpiSCORE","DMRfinder","CRC","20M",0.1,8
"899","CIBERSORT","DMRfinder","CRC","20M",0.1,8
"900","EpiDISH_CP_eq","DMRfinder","CRC","20M",0.01,3
"901","MetDecode","limma","CRC","10M",1,10
"902","CelFiE","limma","CRC","10M",0.003,1
"903","UXM","limma","CRC","10M",0.25,9
"904","EpiDISH_RPC","limma","CRC","10M",0.025,6
"905","PRMeth","limma","CRC","10M",0.003,1
"906","meth_atlas","limma","CRC","10M",0.007,5
"907","EpiSCORE","limma","CRC","10M",0.025,6
"908","CIBERSORT","limma","CRC","10M",0.025,6
"909","EpiDISH_CP_ineq","limma","CRC","10M",0.003,1
"910","EpiDISH_CP_eq","limma","CRC","10M",0.003,1
"911","MetDecode","wgbstools","CRC","10M",1,10
"912","CelFiE","wgbstools","CRC","10M",0.007,1
"913","UXM","wgbstools","CRC","10M",0.05,7
"914","EpiDISH_RPC","wgbstools","CRC","10M",0.025,3
"915","PRMeth","wgbstools","CRC","10M",0.01,2
"916","meth_atlas","wgbstools","CRC","10M",0.025,3
"917","EpiSCORE","wgbstools","CRC","10M",0.05,7
"918","CIBERSORT","wgbstools","CRC","10M",0.05,7
"919","EpiDISH_CP_ineq","wgbstools","CRC","10M",0.025,3
"920","EpiDISH_CP_eq","wgbstools","CRC","10M",0.025,3
"921","MetDecode","DMRfinder","CRC","10M",0.01,4
"922","CelFiE","DMRfinder","CRC","10M",0.007,1
"923","UXM","DMRfinder","CRC","10M",0.25,10
"924","EpiDISH_RPC","DMRfinder","CRC","10M",0.1,7
"925","PRMeth","DMRfinder","CRC","10M",0.025,6
"926","meth_atlas","DMRfinder","CRC","10M",0.01,4
"927","EpiSCORE","DMRfinder","CRC","10M",0.1,7
"928","CIBERSORT","DMRfinder","CRC","10M",0.1,7
"929","EpiDISH_CP_ineq","DMRfinder","CRC","10M",0.007,1
"930","EpiDISH_CP_eq","DMRfinder","CRC","10M",0.007,1
"931","EpiDISH_CP_ineq","limma","NBL","2M",0.003,2
"932","EpiDISH_CP_eq","limma","NBL","2M",0.003,2
"933","CelFiE","limma","NBL","2M",0.001,1
"934","MetDecode","limma","NBL","2M",0.003,2
"935","UXM","limma","NBL","2M",0.05,6
"936","EpiSCORE","limma","NBL","2M",0.1,7
"937","meth_atlas","limma","NBL","2M",0.003,2
"938","PRMeth","limma","NBL","2M",0.5,10
"939","EpiDISH_RPC","limma","NBL","2M",0.1,7
"940","CIBERSORT","limma","NBL","2M",0.1,7
"941","EpiDISH_CP_ineq","DMRfinder","NBL","2M",0.01,3
"942","EpiDISH_CP_eq","DMRfinder","NBL","2M",0.025,5
"943","CelFiE","DMRfinder","NBL","2M",0.001,1
"944","MetDecode","DMRfinder","NBL","2M",0.003,2
"945","UXM","DMRfinder","NBL","2M",0.025,5
"946","EpiSCORE","DMRfinder","NBL","2M",0.25,7
"947","meth_atlas","DMRfinder","NBL","2M",0.01,3
"948","PRMeth","DMRfinder","NBL","2M",0.5,8
"949","EpiDISH_RPC","DMRfinder","NBL","2M",0.5,8
"950","CIBERSORT","DMRfinder","NBL","2M",0.5,8
"951","EpiDISH_CP_ineq","wgbstools","NBL","2M",0.007,4
"952","EpiDISH_CP_eq","wgbstools","NBL","2M",0.007,4
"953","CelFiE","wgbstools","NBL","2M",0.001,1
"954","MetDecode","wgbstools","NBL","2M",0.003,2
"955","UXM","wgbstools","NBL","2M",0.1,9
"956","EpiSCORE","wgbstools","NBL","2M",0.05,6
"957","meth_atlas","wgbstools","NBL","2M",0.003,2
"958","PRMeth","wgbstools","NBL","2M",0.25,10
"959","EpiDISH_RPC","wgbstools","NBL","2M",0.05,6
"960","CIBERSORT","wgbstools","NBL","2M",0.05,6
"961","EpiDISH_CP_eq","wgbstools","NBL","20M",0.003,4
"962","MetDecode","wgbstools","NBL","20M",0.001,1
"963","CelFiE","wgbstools","NBL","20M",0.001,1
"964","UXM","wgbstools","NBL","20M",0.025,6
"965","EpiSCORE","wgbstools","NBL","20M",0.05,7
"966","meth_atlas","wgbstools","NBL","20M",0.001,1
"967","EpiDISH_RPC","wgbstools","NBL","20M",0.05,7
"968","PRMeth","wgbstools","NBL","20M",0.25,10
"969","CIBERSORT","wgbstools","NBL","20M",0.05,7
"970","EpiDISH_CP_ineq","wgbstools","NBL","20M",0.003,4
"971","EpiDISH_CP_eq","limma","NBL","20M",0.001,1
"972","MetDecode","limma","NBL","20M",0.001,1
"973","CelFiE","limma","NBL","20M",0.001,1
"974","UXM","limma","NBL","20M",0.007,6
"975","EpiSCORE","limma","NBL","20M",0.05,7
"976","meth_atlas","limma","NBL","20M",0.001,1
"977","EpiDISH_RPC","limma","NBL","20M",0.1,8
"978","PRMeth","limma","NBL","20M",0.25,10
"979","CIBERSORT","limma","NBL","20M",0.1,8
"980","EpiDISH_CP_ineq","limma","NBL","20M",0.001,1
"981","EpiDISH_CP_eq","DMRfinder","NBL","20M",0.01,6
"982","MetDecode","DMRfinder","NBL","20M",0.001,1
"983","CelFiE","DMRfinder","NBL","20M",0.001,1
"984","UXM","DMRfinder","NBL","20M",0.007,5
"985","EpiSCORE","DMRfinder","NBL","20M",0.25,7
"986","meth_atlas","DMRfinder","NBL","20M",0.003,3
"987","EpiDISH_RPC","DMRfinder","NBL","20M",0.25,7
"988","PRMeth","DMRfinder","NBL","20M",0.5,10
"989","CIBERSORT","DMRfinder","NBL","20M",0.25,7
"990","EpiDISH_CP_ineq","DMRfinder","NBL","20M",0.003,3
"991","MetDecode","DMRfinder","NBL","15M",0.003,1
"992","CelFiE","DMRfinder","NBL","15M",0.003,1
"993","UXM","DMRfinder","NBL","15M",0.003,1
"994","CIBERSORT","DMRfinder","NBL","15M",0.25,7
"995","meth_atlas","DMRfinder","NBL","15M",0.003,1
"996","EpiDISH_RPC","DMRfinder","NBL","15M",0.25,7
"997","EpiSCORE","DMRfinder","NBL","15M",0.25,7
"998","PRMeth","DMRfinder","NBL","15M",0.5,10
"999","EpiDISH_CP_ineq","DMRfinder","NBL","15M",0.003,1
"1000","EpiDISH_CP_eq","DMRfinder","NBL","15M",0.025,6
"1001","MetDecode","wgbstools","NBL","15M",0.003,2
"1002","CelFiE","wgbstools","NBL","15M",0.001,1
"1003","UXM","wgbstools","NBL","15M",0.05,6
"1004","CIBERSORT","wgbstools","NBL","15M",0.05,6
"1005","meth_atlas","wgbstools","NBL","15M",0.003,2
"1006","EpiDISH_RPC","wgbstools","NBL","15M",0.05,6
"1007","EpiSCORE","wgbstools","NBL","15M",0.05,6
"1008","PRMeth","wgbstools","NBL","15M",0.25,10
"1009","EpiDISH_CP_ineq","wgbstools","NBL","15M",0.003,2
"1010","EpiDISH_CP_eq","wgbstools","NBL","15M",0.003,2
"1011","MetDecode","limma","NBL","15M",0.003,2
"1012","CelFiE","limma","NBL","15M",0.001,1
"1013","UXM","limma","NBL","15M",0.025,6
"1014","CIBERSORT","limma","NBL","15M",0.1,8
"1015","meth_atlas","limma","NBL","15M",0.003,2
"1016","EpiDISH_RPC","limma","NBL","15M",0.1,8
"1017","EpiSCORE","limma","NBL","15M",0.05,7
"1018","PRMeth","limma","NBL","15M",0.25,10
"1019","EpiDISH_CP_ineq","limma","NBL","15M",0.003,2
"1020","EpiDISH_CP_eq","limma","NBL","15M",0.003,2
"1021","EpiDISH_CP_ineq","limma","NBL","10M",0.003,3
"1022","EpiDISH_CP_eq","limma","NBL","10M",0.003,3
"1023","UXM","limma","NBL","10M",0.007,6
"1024","MetDecode","limma","NBL","10M",0.001,1
"1025","CelFiE","limma","NBL","10M",0.001,1
"1026","meth_atlas","limma","NBL","10M",0.003,3
"1027","PRMeth","limma","NBL","10M",0.25,10
"1028","EpiDISH_RPC","limma","NBL","10M",0.1,8
"1029","CIBERSORT","limma","NBL","10M",0.1,8
"1030","EpiSCORE","limma","NBL","10M",0.05,7
"1031","EpiDISH_CP_ineq","wgbstools","NBL","10M",0.003,3
"1032","EpiDISH_CP_eq","wgbstools","NBL","10M",0.003,3
"1033","UXM","wgbstools","NBL","10M",0.025,6
"1034","MetDecode","wgbstools","NBL","10M",0.001,1
"1035","CelFiE","wgbstools","NBL","10M",0.001,1
"1036","meth_atlas","wgbstools","NBL","10M",0.003,3
"1037","PRMeth","wgbstools","NBL","10M",0.25,10
"1038","EpiDISH_RPC","wgbstools","NBL","10M",0.05,7
"1039","CIBERSORT","wgbstools","NBL","10M",0.05,7
"1040","EpiSCORE","wgbstools","NBL","10M",0.05,7
"1041","EpiDISH_CP_ineq","DMRfinder","NBL","10M",0.007,4
"1042","EpiDISH_CP_eq","DMRfinder","NBL","10M",0.007,4
"1043","UXM","DMRfinder","NBL","10M",0.003,3
"1044","MetDecode","DMRfinder","NBL","10M",0.001,1
"1045","CelFiE","DMRfinder","NBL","10M",0.001,1
"1046","meth_atlas","DMRfinder","NBL","10M",0.007,4
"1047","PRMeth","DMRfinder","NBL","10M",0.25,7
"1048","EpiDISH_RPC","DMRfinder","NBL","10M",0.25,7
"1049","CIBERSORT","DMRfinder","NBL","10M",0.25,7
"1050","EpiSCORE","DMRfinder","NBL","10M",0.25,7
"1051","EpiDISH_CP_ineq","DMRfinder","NBL","5M",0.007,3
"1052","EpiDISH_CP_eq","DMRfinder","NBL","5M",0.007,3
"1053","MetDecode","DMRfinder","NBL","5M",0.003,2
"1054","CelFiE","DMRfinder","NBL","5M",1e-04,1
"1055","UXM","DMRfinder","NBL","5M",0.025,6
"1056","CIBERSORT","DMRfinder","NBL","5M",0.25,7
"1057","meth_atlas","DMRfinder","NBL","5M",0.007,3
"1058","EpiSCORE","DMRfinder","NBL","5M",0.25,7
"1059","PRMeth","DMRfinder","NBL","5M",0.5,9
"1060","EpiDISH_RPC","DMRfinder","NBL","5M",0.5,9
"1061","EpiDISH_CP_ineq","wgbstools","NBL","5M",0.003,2
"1062","EpiDISH_CP_eq","wgbstools","NBL","5M",0.003,2
"1063","MetDecode","wgbstools","NBL","5M",0.003,2
"1064","CelFiE","wgbstools","NBL","5M",0.001,1
"1065","UXM","wgbstools","NBL","5M",0.1,8
"1066","CIBERSORT","wgbstools","NBL","5M",0.1,8
"1067","meth_atlas","wgbstools","NBL","5M",0.003,2
"1068","EpiSCORE","wgbstools","NBL","5M",0.05,6
"1069","PRMeth","wgbstools","NBL","5M",0.25,10
"1070","EpiDISH_RPC","wgbstools","NBL","5M",0.05,6
"1071","EpiDISH_CP_ineq","limma","NBL","5M",0.003,3
"1072","EpiDISH_CP_eq","limma","NBL","5M",0.003,3
"1073","MetDecode","limma","NBL","5M",0.003,3
"1074","CelFiE","limma","NBL","5M",0.001,1
"1075","UXM","limma","NBL","5M",0.05,6
"1076","CIBERSORT","limma","NBL","5M",0.05,6
"1077","meth_atlas","limma","NBL","5M",0.001,1
"1078","EpiSCORE","limma","NBL","5M",0.05,6
"1079","PRMeth","limma","NBL","5M",0.25,10
"1080","EpiDISH_RPC","limma","NBL","5M",0.1,9
